{
  "report_timestamp": "2026-02-22T12:58:05.941828",
  "report_period": "24 months historical + 12 months forecast",
  "key_metrics": {
    "current_mrr": 1696,
    "current_arr": 20352,
    "total_customers_all_time": 120,
    "total_revenue_all_time": 241309.91042154783,
    "ltv_cac_ratio": 1.2014167650531287,
    "current_churn_rate": 0.006666666666666667,
    "current_arpu": 11.012987012987013
  },
  "revenue_streams": {
    "subscription_revenue": 1696,
    "api_usage_revenue": 247.92021228595533,
    "professional_services": 2748.617385369479,
    "training_certification": 590.1505031299994,
    "enterprise_support": 302.91602588715244,
    "tournament_services": 9185.673391612287
  },
  "cost_structure": {
    "infrastructure_costs": 254.39999999999998,
    "personnel_costs": 15000,
    "marketing_costs": 1100,
    "research_development": 8000,
    "customer_support": 3000,
    "general_administrative": 2000
  },
  "growth_metrics": {
    "avg_month_over_month_growth": 0.1522535232034686,
    "avg_year_over_year_growth": 2.1304519513211786,
    "avg_customer_growth_rate": 0.0,
    "revenue_trend": "increasing",
    "customer_trend": "declining"
  },
  "monthly_metrics": [
    {
      "period": "2024-03",
      "total_revenue": 2542.405024668119,
      "new_customers": 5,
      "churned_customers": 1,
      "customer_acquisition_cost": 220.0,
      "average_revenue_per_user": 121.14285714285714,
      "lifetime_value": 2907.4285714285716,
      "churn_rate": 0.1,
      "monthly_recurring_revenue": 1696,
      "annual_recurring_revenue": 20352,
      "gross_margin": -12711.994975331882,
      "net_revenue": -8898.396482732316
    },
    {
      "period": "2024-04",
      "total_revenue": 2583.9954552198437,
      "new_customers": 5,
      "churned_customers": 1,
      "customer_acquisition_cost": 220.0,
      "average_revenue_per_user": 121.14285714285714,
      "lifetime_value": 2907.4285714285716,
      "churn_rate": 0.1,
      "monthly_recurring_revenue": 1696,
      "annual_recurring_revenue": 20352,
      "gross_margin": -12670.404544780156,
      "net_revenue": -8869.283181346109
    },
    {
      "period": "2024-05",
      "total_revenue": 2595.3928236230167,
      "new_customers": 5,
      "churned_customers": 1,
      "customer_acquisition_cost": 220.0,
      "average_revenue_per_user": 121.14285714285714,
      "lifetime_value": 2907.4285714285716,
      "churn_rate": 0.1,
      "monthly_recurring_revenue": 1696,
      "annual_recurring_revenue": 20352,
      "gross_margin": -12659.007176376983,
      "net_revenue": -8861.305023463887
    },
    {
      "period": "2024-06",
      "total_revenue": 2111.027458921888,
      "new_customers": 5,
      "churned_customers": 1,
      "customer_acquisition_cost": 220.0,
      "average_revenue_per_user": 121.14285714285714,
      "lifetime_value": 2907.4285714285716,
      "churn_rate": 0.1,
      "monthly_recurring_revenue": 1696,
      "annual_recurring_revenue": 20352,
      "gross_margin": -13143.372541078112,
      "net_revenue": -9200.360778754677
    },
    {
      "period": "2024-07",
      "total_revenue": 4047.8891749165996,
      "new_customers": 5,
      "churned_customers": 1,
      "customer_acquisition_cost": 220.0,
      "average_revenue_per_user": 121.14285714285714,
      "lifetime_value": 2907.4285714285716,
      "churn_rate": 0.1,
      "monthly_recurring_revenue": 1696,
      "annual_recurring_revenue": 20352,
      "gross_margin": -11206.5108250834,
      "net_revenue": -7844.557577558379
    },
    {
      "period": "2024-08",
      "total_revenue": 3442.2570899159787,
      "new_customers": 5,
      "churned_customers": 1,
      "customer_acquisition_cost": 220.0,
      "average_revenue_per_user": 121.14285714285714,
      "lifetime_value": 2907.4285714285716,
      "churn_rate": 0.1,
      "monthly_recurring_revenue": 1696,
      "annual_recurring_revenue": 20352,
      "gross_margin": -11812.142910084021,
      "net_revenue": -8268.500037058815
    },
    {
      "period": "2024-08",
      "total_revenue": 6248.245574089559,
      "new_customers": 5,
      "churned_customers": 1,
      "customer_acquisition_cost": 220.0,
      "average_revenue_per_user": 31.40740740740741,
      "lifetime_value": 753.7777777777778,
      "churn_rate": 0.02,
      "monthly_recurring_revenue": 1696,
      "annual_recurring_revenue": 20352,
      "gross_margin": -9006.154425910441,
      "net_revenue": -6304.308098137309
    },
    {
      "period": "2024-09",
      "total_revenue": 6418.239642296779,
      "new_customers": 5,
      "churned_customers": 1,
      "customer_acquisition_cost": 220.0,
      "average_revenue_per_user": 31.40740740740741,
      "lifetime_value": 753.7777777777778,
      "churn_rate": 0.02,
      "monthly_recurring_revenue": 1696,
      "annual_recurring_revenue": 20352,
      "gross_margin": -8836.160357703222,
      "net_revenue": -6185.312250392255
    },
    {
      "period": "2024-10",
      "total_revenue": 8251.352919260093,
      "new_customers": 5,
      "churned_customers": 1,
      "customer_acquisition_cost": 220.0,
      "average_revenue_per_user": 31.40740740740741,
      "lifetime_value": 753.7777777777778,
      "churn_rate": 0.02,
      "monthly_recurring_revenue": 1696,
      "annual_recurring_revenue": 20352,
      "gross_margin": -7003.047080739907,
      "net_revenue": -4902.132956517935
    },
    {
      "period": "2024-11",
      "total_revenue": 5461.92940715884,
      "new_customers": 5,
      "churned_customers": 1,
      "customer_acquisition_cost": 220.0,
      "average_revenue_per_user": 31.40740740740741,
      "lifetime_value": 753.7777777777778,
      "churn_rate": 0.02,
      "monthly_recurring_revenue": 1696,
      "annual_recurring_revenue": 20352,
      "gross_margin": -9792.47059284116,
      "net_revenue": -6854.729414988812
    },
    {
      "period": "2024-12",
      "total_revenue": 15871.381896997425,
      "new_customers": 5,
      "churned_customers": 1,
      "customer_acquisition_cost": 220.0,
      "average_revenue_per_user": 31.40740740740741,
      "lifetime_value": 753.7777777777778,
      "churn_rate": 0.02,
      "monthly_recurring_revenue": 1696,
      "annual_recurring_revenue": 20352,
      "gross_margin": 616.9818969974258,
      "net_revenue": 431.887327898198
    },
    {
      "period": "2025-01",
      "total_revenue": 16661.682391471382,
      "new_customers": 5,
      "churned_customers": 1,
      "customer_acquisition_cost": 220.0,
      "average_revenue_per_user": 31.40740740740741,
      "lifetime_value": 753.7777777777778,
      "churn_rate": 0.02,
      "monthly_recurring_revenue": 1696,
      "annual_recurring_revenue": 20352,
      "gross_margin": 1407.2823914713808,
      "net_revenue": 985.0976740299665
    },
    {
      "period": "2025-02",
      "total_revenue": 12778.076723492106,
      "new_customers": 5,
      "churned_customers": 1,
      "customer_acquisition_cost": 220.0,
      "average_revenue_per_user": 11.012987012987013,
      "lifetime_value": 264.31168831168833,
      "churn_rate": 0.006666666666666667,
      "monthly_recurring_revenue": 1696,
      "annual_recurring_revenue": 20352,
      "gross_margin": -2476.3232765078938,
      "net_revenue": -1733.4262935555255
    },
    {
      "period": "2025-03",
      "total_revenue": 13320.30967634963,
      "new_customers": 5,
      "churned_customers": 1,
      "customer_acquisition_cost": 220.0,
      "average_revenue_per_user": 11.012987012987013,
      "lifetime_value": 264.31168831168833,
      "churn_rate": 0.006666666666666667,
      "monthly_recurring_revenue": 1696,
      "annual_recurring_revenue": 20352,
      "gross_margin": -1934.090323650369,
      "net_revenue": -1353.8632265552583
    },
    {
      "period": "2025-04",
      "total_revenue": 11284.242940860237,
      "new_customers": 5,
      "churned_customers": 1,
      "customer_acquisition_cost": 220.0,