{
  "timestamp": "2026-02-22T12:23:20.171575",
  "test_duration_seconds": 30,
  "metrics": {
    "total_processed": 6,
    "cheats_detected": 6,
    "high_risk_users": 6,
    "llm_analyses": 0,
    "average_latency_ms": 0,
    "pipeline_throughput": 0.2,
    "layer_performance": {
      "edge_processing": [
        12.338399996224325,
        5.346500001905952,
        4.5193999976618215,
        4.462299999431707,
        7.55129999743076,
        4.140700002608355,
        4.486099998757709,
        5.109799996716902,
        4.427599997143261,
        3.7978999971528538,
        3.770199997234158,
        3.665300006105099,
        3.656300003058277,
        4.685200001404155,
        3.897100003086962,
        5.437100000563078,
        4.165499994996935,
        5.695799998647999,
        3.449600000749342,
        4.152900000917725,
        4.536199994618073,
        4.060300001583528,
        4.485700002987869,
        3.6670000044978224,
        4.329999996116385,
        3.546799998730421,
        4.131699999561533,
        3.722200002812315,
        5.452500001410954,
        3.2213000013143755,
        3.907999998773448,
        3.434899997955654,
        3.4594999960972928,
        3.848100001050625,
        3.5204000014346093,
        4.479300005186815,
        3.747900002053939,
        4.816799999389332,
        3.9883999997982755,
        3.712199999426957,
        3.159800005960278,
        4.1048000057344325,
        3.23729999945499,
        3.9359000002150424,
        4.090800000994932,
        4.102200000488665,
        4.028999996080529,
        3.4919999961857684,
        3.62920000043232,
        3.6943999948562123,
        3.5286999991512857,
        4.046599999128375,
        4.431100001966115,
        4.100099999050144,
        7.031599998299498,
        4.92600000143284,
        3.4846999988076277,
        4.432499998074491,
        3.6841999972239137,
        3.473099997790996,
        3.64139999874169,
        3.654100000858307,
        3.7233999973977916,
        3.448499999649357,
        5.309600004693493,
        3.4780999994836748,
        3.245300002163276,
        3.613599998061545,
        3.275300005043391,
        3.5373999999137595,
        3.434899997955654,
        4.8027000011643395,
        3.3965999973588623,
        3.3540000003995374,
        3.5212000002502464,
        3.7133000005269423,
        3.949300000385847,
        3.7067000012029894,
        5.154300000867806,
        3.8798999958089553,
        4.254800005583093,
        3.731199998583179,
        3.11429999419488,
        3.270699999120552,
        3.1329999983427115,
        3.610599997045938,
        3.1566000034217723,
        3.2473000028403476,
        3.101599999354221,
        3.107000004092697,
        3.652999999758322,
        3.7061999973957427,
        4.290799995942507,
        3.4441000025253743,
        3.355499997269362,
        3.082299997913651,
        3.1506000013905577,
        3.374900006747339,
        3.2085999991977587,
        3.706900002725888,
        3.540599995176308,
        3.1132999938563444,
        3.20619999547489,
        3.4757999965222552,
        5.053799999586772,
        3.46469999931287,
        4.102999999304302,
        3.766800000448711,
        3.2491000019945204,
        3.5623000003397465,
        3.8620000050286762,
        3.3314999964204617,
        4.3661999952746555,
        4.280599998310208,
        4.123699996853247,
        3.9681000052951276,
        3.281600002082996,
        3.39209999947343,
        3.2914999974309467,
        3.2703000033507124,
        3.343299998959992,
        3.102399998169858,
        3.5436000034678727,
        5.255999996734317,
        3.933100000722334,
        4.213699998217635,
        4.108299996005371,
        3.575700000510551,
        4.618799997842871,
        4.3990999984089285,
        4.838799999561161,
        5.106899996462744,
        3.965800002333708,
        3.986399999121204,
        3.8473999957204796,
        3.669999998237472,
        3.544599996530451,
        3.315200003271457,
        3.250400004617404,
        3.238899997086264,
        3.5981000037281774,
        3.1594999963999726,
        3.512600000249222,
        3.5410999989835545,
        3.329900006065145,
        3.402599999390077,
        3.539099998306483,
        4.218100002617575,
        3.693099999509286,
        3.9571000015712343,
        4.249100005836226,
        3.5726999994949438,
        4.241300004650839,
        5.628500002785586,
        5.808399997476954,
        4.861800000071526,
        43.31909999746131,
        37.37109999929089,
        5.752899996878114,
        35.291699998197146,
        5.368900005123578,
        48.62690000300063,
        5.106700002215803,
        8.152900001732633,
        47.35950000031153,
        59.80719999934081,
        10.197099996730685,
        49.06769999797689,
        7.431999998516403,
        31.98089999932563,
        6.018000000040047,
        5.251499998848885,
        23.121599995647557,
        6.964699998206925,
        30.975699999544304,
        7.002999998803716,
        52.31130000174744,
        5.338700000720564,
        87.47579999908339,
        6.447599997045472,
        5.754099998739548,
        30.17779999936465,
        47.539399995002896,
        6.316899998637382,
        38.33899999881396,
        29.08680000109598,
        4.868000003625639,
        8.640300002298318,
        45.475300001271535,
        8.620100001280662,
        35.02920000028098,
        8.469799999147654,
        4.866299997956958,
        33.56499999790685,
        42.755800001032185,
        10.476900002686307,
        7.781499996781349,
        31.950600001437124,
        45.24410000158241,
        4.8757999975350685,
        5.69530000211671,
        14.81459999922663,
        5.074000000604428,
        32.790199998999014,
        7.449800003087148,
        48.9363999950001,
        47.96699999860721,
        5.641099996864796,
        8.63509999908274,
        54.89369999850169,
        48.819199997524265,
        7.198600003903266,
        8.423100000072736,
        42.28339999826858,
        39.97729999537114,
        8.610299999418203,
        7.5597999966703355,
        40.58039999654284,
        8.118199999444187,
        9.19419999991078,
        11.546599998837337,
        34.47109999979148,
        6.945799999812152,
        7.353300003160257,
        11.166800002683885,
        7.5851999936276115,
        8.803400000033434,
        93.35089999513002,
        14.023300005646888,
        10.958099999697879,
        10.801399999763817,
        10.651499993400648,
        8.044599999266211,
        9.211000004142988,
        14.11490000464255,
        11.84310000098776,
        26.85639999981504,
        11.351900000590831,
        10.841000002983492,
        10.399600003438536,
        7.718900000327267,
        43.12940000090748,
        13.387799997872207,
        14.71740000124555,
        15.194999999948777,
        11.167500000738073,
        8.709300003829412,
        11.519400002725888,
        10.099899998749606,
        13.370900000154506,
        14.137700003630016,
        25.180800002999604,
        12.632700003450736,
        10.423899999295827,
        16.952100006164983,
        10.68469999881927,
        10.083699999086093,
        12.156999997387175,
        10.051599994767457,
        13.763700000708923,
        12.94150000467198,
        10.799800002132542,
        9.162900001683738,
        10.837900001206435,
        9.518500002741348,
        72.4536000052467,
        9.798200000659563,
        13.942199999291915,
        7.485100002668332,
        10.977500001899898,
        8.404300002439413,
        11.238999999477528,
        15.393100002256688,
        9.01710000471212,
        7.73990000016056,
        10.076699996716343,
        12.911400001030415,
        13.045399995462503,
        12.072399993485305,
        9.695699998701457,
        10.24199999665143,
